m_id,e_id,user_id
10,667,1
10,668,1
10,669,1
10,670,1
10,671,1
10,672,1
10,673,1
10,674,1
10,675,1
10,676,1
10,677,1
10,678,1
10,679,1
10,680,1
10,681,1
10,682,1
10,683,1
10,684,1
10,685,1
10,686,1
10,687,1
10,688,1
10,689,1
10,690,1
10,691,1
10,692,1
10,693,1
10,694,1
10,695,1
10,696,1
10,697,1
10,698,1
10,699,1
10,700,1
10,701,1
10,702,1
10,703,1
10,704,1
10,705,1
10,706,1
10,707,1
10,708,1
10,709,1
10,710,1
10,711,1
10,712,1
10,713,1
10,721,1
10,724,1
10,729,1
10,1048,1
10,1049,1
10,1050,1
10,1051,1
10,1052,1
10,1053,1
10,1054,1
10,1055,1
10,1056,1
10,1057,1
10,1058,1
10,1059,1
10,1060,1
10,1061,1
10,1062,1
10,1063,1
10,1064,1
10,1065,1
10,1066,1
10,1067,1
10,1068,1
10,1069,1
10,1070,1
10,1071,1
10,1072,1
10,1073,1
10,1074,1
10,1075,1
10,1076,1
10,1077,1
10,1078,1
10,1079,1
10,1080,1
10,1081,1
10,1082,1
10,1083,1
10,1084,1
10,1085,1
10,1086,1
10,1087,1
10,1088,1
10,1089,1
10,1090,1
10,1091,1
10,1092,1
10,1093,1
10,1094,1
10,1095,1
10,1096,1
10,1097,1
10,1098,1
10,1099,1
10,1100,1
10,1101,1
10,1102,1
10,1103,1
10,1104,1
10,1105,1
10,1106,1
10,1107,1
10,1108,1
10,1109,1
10,1110,1
10,1111,1
10,1112,1
10,1113,1
10,1114,1
10,1115,1
10,1116,1
10,1117,1
10,1118,1
10,1119,1
11,789,1
11,790,1
11,791,1
11,792,1
11,793,1
11,794,1
11,795,1
11,796,1
11,797,1
11,798,1
11,799,1
11,800,1
11,801,1
11,802,1
11,803,1
11,804,1
11,805,1
11,806,1
11,807,1
11,808,1
11,809,1
11,810,1
11,811,1
11,812,1
11,813,1
11,814,1
11,815,1
11,816,1
11,817,1
11,818,1
11,819,1
11,820,1
11,821,1
11,822,1
11,836,1
11,837,1
11,838,1
11,839,1
11,840,1
11,841,1
11,842,1
11,843,1
11,844,1
11,845,1
11,846,1
11,847,1
11,848,1
11,849,1
11,850,1
11,851,1
11,852,1
11,853,1
11,854,1
11,855,1
11,856,1
11,857,1
11,858,1
11,859,1
11,860,1
11,861,1
11,862,1
11,863,1
11,864,1
11,865,1
11,866,1
11,874,1
11,877,1
11,882,1
11,1048,1
11,1049,1
11,1050,1
11,1051,1
11,1052,1
11,1053,1
11,1054,1
11,1055,1
11,1056,1
11,1057,1
11,1058,1
11,1059,1
11,1060,1
11,1061,1
11,1062,1
11,1063,1
11,1064,1
11,1065,1
11,1066,1
11,1067,1
11,1068,1
11,1069,1
11,1070,1
11,1071,1
11,1072,1
11,1073,1
11,1074,1
11,1075,1
11,1076,1
11,1077,1
11,1078,1
11,1079,1
11,1080,1
11,1081,1
11,1082,1
11,1083,1
11,1084,1
11,1085,1
11,1086,1
11,1087,1
11,1088,1
11,1089,1
11,1090,1
11,1091,1
11,1092,1
11,1093,1
11,1094,1
11,1095,1
11,1096,1
11,1097,1
11,1098,1
11,1099,1
11,1100,1
11,1101,1
11,1102,1
11,1103,1
11,1104,1
11,1105,1
11,1106,1
11,1107,1
11,1108,1
11,1109,1
11,1110,1
11,1111,1
11,1112,1
11,1113,1
11,1114,1
11,1115,1
11,1116,1
11,1117,1
11,1118,1
11,1119,1
12,942,1
12,943,1
12,944,1
12,945,1
12,946,1
12,947,1
12,948,1
12,949,1
12,950,1
12,951,1
12,952,1
12,953,1
12,954,1
12,955,1
12,956,1
12,957,1
12,958,1
12,959,1
12,960,1
12,961,1
12,962,1
12,963,1
12,964,1
12,965,1
12,966,1
12,967,1
12,968,1
12,969,1
12,970,1
12,971,1
12,972,1
12,973,1
12,974,1
12,975,1
12,976,1
12,977,1
12,978,1
12,979,1
12,980,1
12,981,1
12,982,1
12,983,1
12,984,1
12,985,1
12,986,1
12,987,1
12,988,1
12,989,1
12,990,1
12,991,1
12,992,1
12,993,1
12,994,1
12,995,1
12,996,1
12,997,1
12,998,1
12,999,1
12,1000,1
12,1001,1
12,1002,1
12,1003,1
12,1004,1
12,1005,1
12,1006,1
12,1007,1
12,1008,1
12,1009,1
12,1010,1
12,1011,1
12,1012,1
12,1013,1
12,1014,1
12,1015,1
12,1016,1
12,1017,1
12,1018,1
12,1019,1
12,1020,1
12,1021,1
12,1022,1
12,1023,1
12,1024,1
12,1025,1
12,1026,1
12,1027,1
12,1028,1
12,1029,1
12,1030,1
12,1031,1
12,1039,1
12,1042,1
12,1047,1
12,1048,1
12,1049,1
12,1050,1
12,1051,1
12,1052,1
12,1053,1
12,1054,1
12,1055,1
12,1056,1
12,1057,1
12,1058,1
12,1059,1
12,1060,1
12,1061,1
12,1062,1
12,1063,1
12,1064,1
12,1065,1
12,1066,1
12,1067,1
12,1068,1
12,1069,1
12,1070,1
12,1071,1
12,1072,1
12,1073,1
12,1074,1
12,1075,1
12,1076,1
12,1077,1
12,1078,1
12,1079,1
12,1080,1
12,1081,1
12,1082,1
12,1083,1
12,1084,1
12,1085,1
12,1086,1
12,1087,1
12,1088,1
12,1089,1
12,1090,1
12,1091,1
12,1092,1
12,1093,1
12,1094,1
12,1095,1
12,1096,1
12,1097,1
12,1098,1
12,1099,1
12,1100,1
12,1101,1
12,1102,1
12,1103,1
12,1104,1
12,1105,1
12,1106,1
12,1107,1
12,1108,1
12,1109,1
12,1110,1
12,1111,1
12,1112,1
12,1113,1
12,1114,1
12,1115,1
12,1116,1
12,1117,1
12,1118,1
12,1119,1
1,2000,1
1,2001,1
1,2002,1
1,2003,1
1,2004,1
1,2005,1
1,2006,1
1,2007,1
1,2008,1
1,2009,1
1,2010,1
1,2011,1
1,2012,1
1,2013,1
1,2014,1
1,2015,1
1,2016,1
1,2017,1
1,2018,1
1,2019,1
1,2020,1
1,2021,1
1,2022,1
1,2023,1
1,2024,1
1,2025,1
1,2026,1
1,2027,1
1,2028,1
1,2029,1
1,2030,1
1,2031,1
1,2032,1
1,2033,1
1,2034,1
1,2035,1
1,2037,1
1,2040,1
1,2041,1
1,2042,1
1,2043,1
1,2044,1
1,2050,1
1,2051,1
1,2052,1
1,2053,1
1,2054,1
1,2055,1
1,2056,1
1,2057,1
1,2058,1
1,2059,1
1,2060,1
1,2061,1
1,2064,1
1,2065,1
1,2066,1
1,2077,1
1,2078,1
1,2079,1
1,2080,1
1,2081,1
1,2082,1
1,2083,1
1,2084,1
1,2085,1
1,2086,1
1,2087,1
1,2088,1
1,2089,1
1,2090,1
1,2091,1
1,2092,1
1,2093,1
1,2094,1
1,2095,1
1,2096,1
1,2097,1
1,2098,1
1,2099,1
1,2100,1
1,2101,1
1,2102,1
1,2103,1
1,2104,1
1,2105,1
1,2106,1
1,2107,1
1,2108,1
1,2109,1
1,2110,1
1,2111,1
1,2112,1
1,2113,1
1,2114,1
1,2115,1
1,2116,1
1,2117,1
1,2118,1
1,2119,1
1,2120,1
1,2121,1
1,2122,1
1,2123,1
1,2124,1
1,2125,1
1,2126,1
1,2127,1
1,2128,1
1,2129,1
1,2130,1
1,2131,1
1,2132,1
1,2133,1
1,2134,1
1,2135,1
1,2136,1
1,2137,1
1,2138,1
1,2139,1
1,2140,1
1,2141,1
1,2142,1
1,2143,1
1,2144,1
1,2145,1
1,2146,1
1,2147,1
1,2148,1
1,2214,1
1,2215,1
1,2216,1
1,2217,1
1,2218,1
1,2219,1
1,2220,1
1,2221,1
1,2222,1
1,2223,1
1,2224,1
1,2225,1
1,2226,1
1,2230,1
1,2447,1
1,2448,1
1,2449,1
1,2450,1
1,2451,1
1,2452,1
1,2453,1
1,2454,1
1,2455,1
1,2456,1
1,2457,1
1,2458,1
1,2459,1
1,2460,1
1,2461,1
1,2462,1
1,2463,1
1,2464,1
1,2465,1
1,2466,1
1,2467,1
1,2468,1
1,2469,1
1,2470,1
1,2471,1
1,2472,1
1,2473,1
1,2474,1
1,2475,1
1,2476,1
1,2477,1
1,2478,1
1,2479,1
1,2480,1
1,2481,1
1,2482,1
1,2483,1
1,2484,1
1,2485,1
1,2486,1
1,2487,1
1,2488,1
1,2489,1
1,2490,1
1,2491,1
1,2492,1
1,2493,1
1,2494,1
1,2495,1
1,2496,1
1,2497,1
1,2498,1
1,2499,1
1,2500,1
1,2501,1
1,2502,1
1,2503,1
1,2504,1
1,2505,1
1,2506,1
1,2507,1
1,2508,1
1,2509,1
1,2510,1
1,2511,1
1,2512,1
1,2513,1
1,2514,1
1,2515,1
1,2516,1
1,2517,1
1,2518,1
1,2519,1
1,2520,1
1,2521,1
1,2522,1
1,2523,1
1,2524,1
1,2525,1
1,2526,1
1,2527,1
1,2528,1
1,2529,1
1,2530,1
1,2531,1
1,2532,1
1,2533,1
1,2534,1
1,2535,1
1,2536,1
1,2537,1
1,2538,1
1,2539,1
1,2540,1
1,2541,1
1,2542,1
1,2543,1
1,2544,1
1,2545,1
1,2546,1
1,2547,1
1,2548,1
1,2549,1
1,2550,1
1,2551,1
1,2552,1
1,2553,1
1,2554,1
1,2555,1
1,2556,1
1,2557,1
1,2558,1
1,2559,1
1,2560,1
1,2561,1
1,2562,1
1,2563,1
1,2564,1
1,2565,1
1,2566,1
1,2567,1
1,2568,1
1,2569,1
1,2570,1
1,2571,1
1,2572,1
1,2573,1
1,2574,1
1,2575,1
1,2576,1
1,2577,1
2,2000,1
2,2001,1
2,2002,1
2,2003,1
2,2004,1
2,2005,1
2,2006,1
2,2007,1
2,2008,1
2,2009,1
2,2010,1
2,2011,1
2,2012,1
2,2013,1
2,2014,1
2,2015,1
2,2016,1
2,2017,1
2,2018,1
2,2019,1
2,2020,1
2,2021,1
2,2022,1
2,2023,1
2,2024,1
2,2025,1
2,2026,1
2,2027,1
2,2028,1
2,2029,1
2,2030,1
2,2031,1
2,2032,1
2,2033,1
2,2034,1
2,2035,1
2,2037,1
2,2040,1
2,2041,1
2,2042,1
2,2043,1
2,2044,1
2,2050,1
2,2051,1
2,2052,1
2,2053,1
2,2054,1
2,2055,1
2,2056,1
2,2057,1
2,2058,1
2,2059,1
2,2060,1
2,2061,1
2,2064,1
2,2065,1
2,2066,1
2,2077,1
2,2078,1
2,2079,1
2,2080,1
2,2081,1
2,2082,1
2,2083,1
2,2084,1
2,2085,1
2,2086,1
2,2087,1
2,2088,1
2,2089,1
2,2090,1
2,2091,1
2,2092,1
2,2093,1
2,2094,1
2,2095,1
2,2096,1
2,2097,1
2,2098,1
2,2099,1
2,2100,1
2,2101,1
2,2102,1
2,2103,1
2,2104,1
2,2105,1
2,2106,1
2,2107,1
2,2108,1
2,2109,1
2,2110,1
2,2111,1
2,2112,1
2,2113,1
2,2114,1
2,2115,1
2,2116,1
2,2117,1
2,2118,1
2,2119,1
2,2120,1
2,2121,1
2,2122,1
2,2123,1
2,2124,1
2,2125,1
2,2126,1
2,2127,1
2,2128,1
2,2129,1
2,2130,1
2,2131,1
2,2132,1
2,2133,1
2,2134,1
2,2135,1
2,2136,1
2,2137,1
2,2138,1
2,2139,1
2,2140,1
2,2141,1
2,2142,1
2,2143,1
2,2144,1
2,2145,1
2,2146,1
2,2147,1
2,2148,1
2,2214,1
2,2215,1
2,2216,1
2,2217,1
2,2218,1
2,2219,1
2,2220,1
2,2221,1
2,2222,1
2,2223,1
2,2224,1
2,2225,1
2,2226,1
2,2230,1
2,2578,1
2,2579,1
2,2580,1
2,2581,1
2,2582,1
2,2583,1
2,2584,1
2,2585,1
2,2586,1
2,2587,1
2,2588,1
2,2589,1
2,2590,1
2,2591,1
2,2592,1
2,2593,1
2,2594,1
2,2595,1
2,2596,1
2,2597,1
2,2598,1
2,2599,1
2,2600,1
2,2601,1
2,2602,1
2,2603,1
2,2604,1
2,2605,1
2,2606,1
2,2607,1
2,2608,1
2,2609,1
2,2610,1
2,2611,1
2,2612,1
2,2613,1
2,2614,1
2,2615,1
2,2616,1
2,2617,1
2,2618,1
2,2619,1
2,2620,1
2,2621,1
2,2622,1
2,2623,1
2,2624,1
2,2625,1
2,2626,1
2,2627,1
2,2628,1
2,2629,1
2,2630,1
2,2631,1
2,2632,1
2,2633,1
2,2634,1
2,2635,1
2,2636,1
2,2637,1
2,2638,1
2,2639,1
2,2640,1
2,2641,1
2,2642,1
2,2643,1
2,2644,1
2,2645,1
2,2646,1
2,2647,1
2,2648,1
2,2649,1
2,2650,1
2,2651,1
2,2652,1
2,2653,1
2,2654,1
2,2655,1
2,2656,1
2,2657,1
2,2658,1
2,2659,1
2,2660,1
2,2661,1
2,2662,1
2,2663,1
2,2664,1
2,2665,1
2,2666,1
2,2667,1
2,2668,1
2,2669,1
2,2670,1
2,2671,1
2,2672,1
2,2673,1
2,2674,1
2,2675,1
2,2676,1
2,2677,1
2,2678,1
2,2679,1
2,2680,1
2,2681,1
2,2682,1
3,2000,1
3,2001,1
3,2002,1
3,2003,1
3,2004,1
3,2005,1
3,2006,1
3,2007,1
3,2008,1
3,2009,1
3,2010,1
3,2011,1
3,2012,1
3,2013,1
3,2014,1
3,2015,1
3,2016,1
3,2017,1
3,2018,1
3,2019,1
3,2020,1
3,2021,1
3,2022,1
3,2023,1
3,2024,1
3,2025,1
3,2026,1
3,2027,1
3,2028,1
3,2029,1
3,2030,1
3,2031,1
3,2032,1
3,2033,1
3,2034,1
3,2035,1
3,2037,1
3,2040,1
3,2041,1
3,2042,1
3,2043,1
3,2044,1
3,2050,1
3,2051,1
3,2052,1
3,2053,1
3,2054,1
3,2055,1
3,2056,1
3,2057,1
3,2058,1
3,2059,1
3,2060,1
3,2061,1
3,2064,1
3,2065,1
3,2066,1
3,2077,1
3,2078,1
3,2079,1
3,2080,1
3,2081,1
3,2082,1
3,2083,1
3,2084,1
3,2085,1
3,2086,1
3,2087,1
3,2088,1
3,2089,1
3,2090,1
3,2091,1
3,2092,1
3,2093,1
3,2094,1
3,2095,1
3,2096,1
3,2097,1
3,2098,1
3,2099,1
3,2100,1
3,2101,1
3,2102,1
3,2103,1
3,2104,1
3,2105,1
3,2106,1
3,2107,1
3,2108,1
3,2109,1
3,2110,1
3,2111,1
3,2112,1
3,2113,1
3,2114,1
3,2115,1
3,2116,1
3,2117,1
3,2118,1
3,2119,1
3,2120,1
3,2121,1
3,2122,1
3,2123,1
3,2124,1
3,2125,1
3,2126,1
3,2127,1
3,2128,1
3,2129,1
3,2130,1
3,2131,1
3,2132,1
3,2133,1
3,2134,1
3,2135,1
3,2136,1
3,2137,1
3,2138,1
3,2139,1
3,2140,1
3,2141,1
3,2142,1
3,2143,1
3,2144,1
3,2145,1
3,2146,1
3,2147,1
3,2148,1
3,2214,1
3,2215,1
3,2216,1
3,2217,1
3,2218,1
3,2219,1
3,2220,1
3,2221,1
3,2222,1
3,2223,1
3,2224,1
3,2225,1
3,2226,1
3,2230,1
3,2447,1
3,2448,1
3,2449,1
3,2450,1
3,2451,1
3,2452,1
3,2453,1
3,2454,1
3,2455,1
3,2456,1
3,2457,1
3,2458,1
3,2459,1
3,2460,1
3,2461,1
3,2462,1
3,2463,1
3,2464,1
3,2465,1
3,2466,1
3,2467,1
3,2468,1
3,2469,1
3,2470,1
3,2471,1
3,2472,1
3,2473,1
3,2474,1
3,2475,1
3,2476,1
3,2477,1
3,2478,1
3,2479,1
3,2480,1
3,2481,1
3,2482,1
3,2483,1
3,2484,1
3,2485,1
3,2486,1
3,2487,1
3,2488,1
3,2489,1
3,2490,1
3,2491,1
3,2492,1
3,2493,1
3,2494,1
3,2495,1
3,2496,1
3,2497,1
3,2498,1
3,2499,1
3,2500,1
3,2501,1
3,2502,1
3,2503,1
3,2504,1
3,2505,1
3,2506,1
3,2507,1
3,2508,1
3,2509,1
3,2510,1
3,2511,1
3,2512,1
3,2513,1
3,2514,1
3,2515,1
3,2516,1
3,2517,1
3,2518,1
3,2519,1
3,2520,1
3,2521,1
3,2522,1
3,2523,1
3,2524,1
3,2525,1
3,2526,1
3,2527,1
3,2528,1
3,2529,1
3,2530,1
3,2531,1
3,2532,1
3,2533,1
3,2534,1
3,2535,1
3,2536,1
3,2537,1
3,2538,1
3,2539,1
3,2540,1
3,2541,1
3,2542,1
3,2543,1
3,2544,1
3,2545,1
3,2546,1
3,2547,1
3,2548,1
3,2549,1
3,2550,1
3,2551,1
3,2552,1
3,2553,1
3,2554,1
3,2555,1
3,2556,1
3,2557,1
3,2558,1
3,2559,1
3,2560,1
3,2561,1
3,2562,1
3,2563,1
3,2564,1
3,2565,1
3,2566,1
3,2567,1
3,2568,1
3,2569,1
3,2570,1
3,2571,1
3,2572,1
3,2573,1
3,2574,1
3,2575,1
3,2576,1
3,2577,1
3,2578,1
3,2579,1
3,2580,1
3,2581,1
3,2582,1
3,2583,1
3,2584,1
3,2585,1
3,2586,1
3,2587,1
3,2588,1
3,2589,1
3,2590,1
3,2591,1
3,2592,1
3,2593,1
3,2594,1
3,2595,1
3,2596,1
3,2597,1
3,2598,1
3,2599,1
3,2600,1
3,2601,1
3,2602,1
3,2603,1
3,2604,1
3,2605,1
3,2606,1
3,2607,1
3,2608,1
3,2609,1
3,2610,1
3,2611,1
3,2612,1
3,2613,1
3,2614,1
3,2615,1
3,2616,1
3,2617,1
3,2618,1
3,2619,1
3,2620,1
3,2621,1
3,2622,1
3,2623,1
3,2624,1
3,2625,1
3,2626,1
3,2627,1
3,2628,1
3,2629,1
3,2630,1
3,2631,1
3,2632,1
3,2633,1
3,2634,1
3,2635,1
3,2636,1
3,2637,1
3,2638,1
3,2639,1
3,2640,1
3,2641,1
3,2642,1
3,2643,1
3,2644,1
3,2645,1
3,2646,1
3,2647,1
3,2648,1
3,2649,1
3,2650,1
3,2651,1
3,2652,1
3,2653,1
3,2654,1
3,2655,1
3,2656,1
3,2657,1
3,2658,1
3,2659,1
3,2660,1
3,2661,1
3,2662,1
3,2663,1
3,2664,1
3,2665,1
3,2666,1
3,2667,1
3,2668,1
3,2669,1
3,2670,1
3,2671,1
3,2672,1
3,2673,1
3,2674,1
3,2675,1
3,2676,1
3,2677,1
3,2678,1
3,2679,1
3,2680,1
3,2681,1
3,2682,1
4,2000,1
4,2001,1
4,2002,1
4,2003,1
4,2004,1
4,2005,1
4,2006,1
4,2007,1
4,2008,1
4,2009,1
4,2010,1
4,2011,1
4,2012,1
4,2013,1
4,2014,1
4,2015,1
4,2016,1
4,2017,1
4,2018,1
4,2019,1
4,2020,1
4,2021,1
4,2022,1
4,2023,1
4,2024,1
4,2025,1
4,2026,1
4,2027,1
4,2028,1
4,2029,1
4,2030,1
4,2031,1
4,2032,1
4,2033,1
4,2034,1
4,2035,1
4,2036,1
4,2037,1
4,2038,1
4,2039,1
4,2040,1
4,2041,1
4,2042,1
4,2043,1
4,2044,1
4,2045,1
4,2046,1
4,2047,1
4,2048,1
4,2049,1
4,2050,1
4,2051,1
4,2052,1
4,2053,1
4,2054,1
4,2055,1
4,2056,1
4,2057,1
4,2058,1
4,2059,1
4,2060,1
4,2061,1
4,2062,1
4,2063,1
4,2064,1
4,2065,1
4,2066,1
4,2067,1
4,2068,1
4,2069,1
4,2070,1
4,2071,1
4,2072,1
4,2073,1
4,2074,1
4,2075,1
4,2076,1
4,2077,1
4,2078,1
4,2079,1
4,2080,1
4,2081,1
4,2082,1
4,2083,1
4,2084,1
4,2085,1
4,2086,1
4,2087,1
4,2088,1
4,2089,1
4,2090,1
4,2091,1
4,2092,1
4,2093,1
4,2094,1
4,2095,1
4,2096,1
4,2097,1
4,2098,1
4,2099,1
4,2100,1
4,2101,1
4,2102,1
4,2103,1
4,2104,1
4,2105,1
4,2106,1
4,2107,1
4,2108,1
4,2109,1
4,2110,1
4,2111,1
4,2112,1
4,2113,1
4,2114,1
4,2115,1
4,2116,1
4,2117,1
4,2118,1
4,2119,1
4,2120,1
4,2121,1
4,2122,1
4,2123,1
4,2124,1
4,2125,1
4,2126,1
4,2127,1
4,2128,1
4,2129,1
4,2130,1
4,2131,1
4,2132,1
4,2133,1
4,2134,1
4,2135,1
4,2136,1
4,2137,1
4,2138,1
4,2139,1
4,2140,1
4,2141,1
4,2142,1
4,2143,1
4,2144,1
4,2145,1
4,2146,1
4,2147,1
4,2148,1
4,2149,1
4,2150,1
4,2151,1
4,2152,1
4,2153,1
4,2154,1
4,2155,1
4,2156,1
4,2157,1
4,2158,1
4,2159,1
4,2160,1
4,2161,1
4,2162,1
4,2163,1
4,2164,1
4,2165,1
4,2166,1
4,2167,1
4,2168,1
4,2169,1
4,2170,1
4,2171,1
4,2172,1
4,2173,1
4,2174,1
4,2175,1
4,2176,1
4,2177,1
4,2178,1
4,2179,1
4,2180,1
4,2181,1
4,2182,1
4,2183,1
4,2184,1
4,2185,1
4,2186,1
4,2187,1
4,2188,1
4,2189,1
4,2190,1
4,2191,1
4,2192,1
4,2193,1
4,2194,1
4,2195,1
4,2196,1
4,2197,1
4,2198,1
4,2199,1
4,2200,1
4,2201,1
4,2202,1
4,2203,1
4,2204,1
4,2205,1
4,2206,1
4,2207,1
4,2208,1
4,2209,1
4,2210,1
4,2211,1
4,2212,1
4,2213,1
4,2214,1
4,2215,1
4,2216,1
4,2217,1
4,2218,1
4,2219,1
4,2220,1
4,2221,1
4,2222,1
4,2223,1
4,2224,1
4,2225,1
4,2226,1
4,2229,1
4,2230,1
4,2231,1
4,2232,1
4,2233,1
4,2234,1
4,2235,1
4,2236,1
4,2237,1
4,2238,1
4,2239,1
4,2240,1
4,2241,1
4,2242,1
4,2243,1
4,2244,1
4,2245,1
4,2246,1
4,2247,1
4,2248,1
4,2249,1
4,2250,1
4,2251,1
4,2252,1
4,2253,1
4,2254,1
4,2255,1
4,2256,1
4,2257,1
4,2258,1
4,2259,1
4,2260,1
4,2261,1
4,2262,1
4,2263,1
4,2264,1
4,2265,1
4,2266,1
4,2267,1
4,2268,1
4,2269,1
4,2270,1
4,2271,1
4,2272,1
4,2273,1
4,2274,1
4,2275,1
4,2276,1
4,2277,1
4,2278,1
4,2279,1
4,2280,1
4,2281,1
4,2282,1
4,2283,1
4,2284,1
4,2285,1
4,2286,1
4,2287,1
4,2288,1
4,2289,1
4,2290,1
4,2291,1
4,2292,1
4,2293,1
4,2294,1
4,2295,1
4,2296,1
4,2297,1
4,2298,1
4,2299,1
4,2300,1
4,2301,1
4,2302,1
4,2303,1
4,2304,1
4,2305,1
4,2306,1
4,2307,1
4,2308,1
4,2309,1
4,2310,1
4,2311,1
4,2312,1
4,2313,1
4,2314,1
4,2315,1
4,2316,1
4,2317,1
4,2318,1
4,2319,1
4,2320,1
4,2321,1
4,2322,1
4,2323,1
4,2324,1
4,2325,1
4,2326,1
4,2327,1
4,2328,1
4,2329,1
4,2330,1
4,2331,1
4,2332,1
4,2333,1
4,2334,1
4,2335,1
5,2000,1
5,2001,1
5,2002,1
5,2003,1
5,2004,1
5,2005,1
5,2006,1
5,2007,1
5,2008,1
5,2009,1
5,2010,1
5,2011,1
5,2012,1
5,2013,1
5,2014,1
5,2015,1
5,2016,1
5,2017,1
5,2018,1
5,2019,1
5,2020,1
5,2021,1
5,2022,1
5,2023,1
5,2024,1
5,2025,1
5,2026,1
5,2027,1
5,2028,1
5,2029,1
5,2030,1
5,2031,1
5,2032,1
5,2033,1
5,2034,1
5,2035,1
5,2036,1
5,2037,1
5,2038,1
5,2039,1
5,2040,1
5,2041,1
5,2042,1
5,2043,1
5,2044,1
5,2045,1
5,2046,1
5,2047,1
5,2048,1
5,2049,1
5,2050,1
5,2051,1
5,2052,1
5,2053,1
5,2054,1
5,2055,1
5,2056,1
5,2057,1
5,2058,1
5,2059,1
5,2060,1
5,2061,1
5,2062,1
5,2063,1
5,2064,1
5,2065,1
5,2066,1
5,2067,1
5,2068,1
5,2069,1
5,2070,1
5,2071,1
5,2072,1
5,2073,1
5,2074,1
5,2075,1
5,2076,1
5,2077,1
5,2078,1
5,2079,1
5,2080,1
5,2081,1
5,2082,1
5,2083,1
5,2084,1
5,2085,1
5,2086,1
5,2087,1
5,2088,1
5,2089,1
5,2090,1
5,2091,1
5,2092,1
5,2093,1
5,2094,1
5,2095,1
5,2096,1
5,2097,1
5,2098,1
5,2099,1
5,2100,1
5,2101,1
5,2102,1
5,2103,1
5,2104,1
5,2105,1
5,2106,1
5,2107,1
5,2108,1
5,2109,1
5,2110,1
5,2111,1
5,2112,1
5,2113,1
5,2114,1
5,2115,1
5,2116,1
5,2117,1
5,2118,1
5,2119,1
5,2120,1
5,2121,1
5,2122,1
5,2123,1
5,2124,1
5,2125,1
5,2126,1
5,2127,1
5,2128,1
5,2129,1
5,2130,1
5,2131,1
5,2132,1
5,2133,1
5,2134,1
5,2135,1
5,2136,1
5,2137,1
5,2138,1
5,2139,1
5,2140,1
5,2141,1
5,2142,1
5,2143,1
5,2144,1
5,2145,1
5,2146,1
5,2147,1
5,2148,1
5,2214,1
5,2215,1
5,2216,1
5,2217,1
5,2218,1
5,2219,1
5,2220,1
5,2221,1
5,2222,1
5,2223,1
5,2224,1
5,2225,1
5,2226,1
5,2227,1
5,2228,1
5,2230,1
5,2232,1
5,2233,1
5,2371,1
5,2372,1
5,2373,1
5,2374,1
5,2375,1
5,2376,1
5,2377,1
5,2378,1
5,2379,1
5,2380,1
5,2381,1
5,2382,1
5,2383,1
5,2384,1
5,2385,1
5,2386,1
5,2387,1
5,2388,1
5,2389,1
5,2390,1
5,2391,1
5,2392,1
5,2393,1
5,2394,1
5,2395,1
5,2396,1
5,2397,1
5,2398,1
5,2399,1
5,2400,1
5,2401,1
5,2402,1
5,2403,1
5,2404,1
5,2405,1
5,2406,1
5,2407,1
6,2000,1
6,2001,1
6,2002,1
6,2003,1
6,2004,1
6,2005,1
6,2006,1
6,2007,1
6,2008,1
6,2009,1
6,2010,1
6,2011,1
6,2012,1
6,2013,1
6,2014,1
6,2015,1
6,2016,1
6,2017,1
6,2018,1
6,2019,1
6,2020,1
6,2021,1
6,2022,1
6,2023,1
6,2024,1
6,2025,1
6,2026,1
6,2027,1
6,2028,1
6,2029,1
6,2030,1
6,2031,1
6,2032,1
6,2033,1
6,2034,1
6,2035,1
6,2036,1
6,2037,1
6,2038,1
6,2039,1
6,2040,1
6,2041,1
6,2042,1
6,2043,1
6,2044,1
6,2045,1
6,2046,1
6,2047,1
6,2048,1
6,2049,1
6,2050,1
6,2051,1
6,2052,1
6,2053,1
6,2054,1
6,2055,1
6,2056,1
6,2057,1
6,2058,1
6,2059,1
6,2060,1
6,2061,1
6,2062,1
6,2063,1
6,2064,1
6,2065,1
6,2066,1
6,2067,1
6,2068,1
6,2069,1
6,2070,1
6,2071,1
6,2072,1
6,2073,1
6,2074,1
6,2075,1
6,2076,1
6,2077,1
6,2078,1
6,2079,1
6,2080,1
6,2081,1
6,2082,1
6,2083,1
6,2084,1
6,2085,1
6,2086,1
6,2087,1
6,2088,1
6,2089,1
6,2090,1
6,2091,1
6,2092,1
6,2093,1
6,2094,1
6,2095,1
6,2096,1
6,2097,1
6,2098,1
6,2099,1
6,2100,1
6,2101,1
6,2102,1
6,2103,1
6,2104,1
6,2105,1
6,2106,1
6,2107,1
6,2108,1
6,2109,1
6,2110,1
6,2111,1
6,2112,1
6,2113,1
6,2114,1
6,2115,1
6,2116,1
6,2117,1
6,2118,1
6,2119,1
6,2120,1
6,2121,1
6,2122,1
6,2123,1
6,2124,1
6,2125,1
6,2126,1
6,2127,1
6,2128,1
6,2129,1
6,2130,1
6,2131,1
6,2132,1
6,2133,1
6,2134,1
6,2135,1
6,2136,1
6,2137,1
6,2138,1
6,2139,1
6,2140,1
6,2141,1
6,2142,1
6,2143,1
6,2144,1
6,2145,1
6,2146,1
6,2147,1
6,2148,1
6,2149,1
6,2150,1
6,2151,1
6,2152,1
6,2153,1
6,2154,1
6,2155,1
6,2156,1
6,2157,1
6,2158,1
6,2159,1
6,2160,1
6,2161,1
6,2162,1
6,2163,1
6,2164,1
6,2165,1
6,2166,1
6,2167,1
6,2168,1
6,2169,1
6,2170,1
6,2171,1
6,2172,1
6,2173,1
6,2174,1
6,2175,1
6,2176,1
6,2177,1
6,2178,1
6,2179,1
6,2180,1
6,2181,1
6,2182,1
6,2183,1
6,2184,1
6,2185,1
6,2186,1
6,2187,1
6,2188,1
6,2189,1
6,2190,1
6,2191,1
6,2192,1
6,2193,1
6,2194,1
6,2195,1
6,2196,1
6,2197,1
6,2198,1
6,2199,1
6,2200,1
6,2201,1
6,2202,1
6,2203,1
6,2204,1
6,2205,1
6,2206,1
6,2207,1
6,2208,1
6,2209,1
6,2210,1
6,2211,1
6,2212,1
6,2213,1
6,2214,1
6,2215,1
6,2216,1
6,2217,1
6,2218,1
6,2219,1
6,2220,1
6,2221,1
6,2222,1
6,2223,1
6,2224,1
6,2225,1
6,2226,1
6,2229,1
6,2230,1
6,2231,1
6,2232,1
6,2233,1
6,2234,1
6,2235,1
6,2236,1
6,2336,1
6,2337,1
6,2338,1
6,2339,1
6,2340,1
6,2341,1
6,2342,1
6,2343,1
6,2344,1
6,2345,1
6,2346,1
6,2347,1
6,2348,1
6,2349,1
6,2350,1
6,2351,1
6,2352,1
6,2353,1
6,2354,1
6,2355,1
6,2356,1
6,2357,1
6,2358,1
6,2359,1
6,2360,1
6,2361,1
6,2362,1
6,2363,1
6,2364,1
6,2365,1
6,2366,1
6,2367,1
6,2368,1
6,2369,1
6,2370,1
7,2000,1
7,2001,1
7,2002,1
7,2003,1
7,2004,1
7,2005,1
7,2006,1
7,2007,1
7,2008,1
7,2009,1
7,2010,1
7,2011,1
7,2012,1
7,2013,1
7,2014,1
7,2015,1
7,2016,1
7,2017,1
7,2018,1
7,2019,1
7,2020,1
7,2021,1
7,2022,1
7,2023,1
7,2024,1
7,2025,1
7,2026,1
7,2027,1
7,2028,1
7,2029,1
7,2030,1
7,2031,1
7,2032,1
7,2033,1
7,2034,1
7,2035,1
7,2036,1
7,2037,1
7,2038,1
7,2039,1
7,2040,1
7,2041,1
7,2042,1
7,2043,1
7,2044,1
7,2045,1
7,2046,1
7,2047,1
7,2048,1
7,2049,1
7,2050,1
7,2051,1
7,2052,1
7,2053,1
7,2054,1
7,2055,1
7,2056,1
7,2062,1
7,2063,1
7,2077,1
7,2078,1
7,2079,1
7,2080,1
7,2081,1
7,2082,1
7,2083,1
7,2084,1
7,2085,1
7,2086,1
7,2087,1
7,2088,1
7,2089,1
7,2090,1
7,2091,1
7,2092,1
7,2093,1
7,2094,1
7,2095,1
7,2096,1
7,2097,1
7,2098,1
7,2099,1
7,2100,1
7,2101,1
7,2102,1
7,2103,1
7,2104,1
7,2105,1
7,2106,1
7,2107,1
7,2108,1
7,2109,1
7,2110,1
7,2111,1
7,2112,1
7,2113,1
7,2114,1
7,2115,1
7,2116,1
7,2117,1
7,2118,1
7,2119,1
7,2120,1
7,2121,1
7,2122,1
7,2123,1
7,2124,1
7,2125,1
7,2126,1
7,2127,1
7,2128,1
7,2129,1
7,2130,1
7,2131,1
7,2132,1
7,2133,1
7,2134,1
7,2137,1
7,2138,1
7,2139,1
7,2140,1
7,2141,1
7,2142,1
7,2143,1
7,2144,1
7,2145,1
7,2146,1
7,2147,1
7,2148,1
7,2214,1
7,2215,1
7,2216,1
7,2217,1
7,2218,1
7,2219,1
7,2220,1
7,2221,1
7,2222,1
7,2223,1
7,2224,1
7,2225,1
7,2226,1
7,2233,1
7,2408,1
7,2409,1
7,2410,1
7,2411,1
7,2412,1
7,2413,1
7,2414,1
7,2415,1
7,2416,1
7,2417,1
7,2418,1
7,2419,1
7,2420,1
7,2421,1
7,2422,1
7,2423,1
7,2424,1
7,2425,1
7,2426,1
7,2427,1
7,2428,1
7,2429,1
7,2430,1
7,2431,1
7,2432,1
7,2433,1
7,2434,1
7,2435,1
7,2436,1
7,2437,1
7,2438,1
7,2439,1
7,2440,1
7,2441,1
7,2442,1
7,2443,1
7,2444,1
7,2445,1
7,2446,1
8,2000,1
8,2001,1
8,2002,1
8,2003,1
8,2004,1
8,2005,1
8,2006,1
8,2007,1
8,2008,1
8,2009,1
8,2010,1
8,2011,1
8,2012,1
8,2013,1
8,2014,1
8,2015,1
8,2016,1
8,2017,1
8,2018,1
8,2019,1
8,2020,1
8,2021,1
8,2022,1
8,2023,1
8,2024,1
8,2025,1
8,2026,1
8,2027,1
8,2028,1
8,2029,1
8,2030,1
8,2031,1
8,2032,1
8,2033,1
8,2034,1
8,2035,1
8,2036,1
8,2037,1
8,2038,1
8,2039,1
8,2040,1
8,2041,1
8,2042,1
8,2043,1
8,2044,1
8,2045,1
8,2046,1
8,2047,1
8,2048,1
8,2049,1
8,2050,1
8,2051,1
8,2052,1
8,2053,1
8,2054,1
8,2055,1
8,2056,1
8,2057,1
8,2058,1
8,2059,1
8,2060,1
8,2061,1
8,2062,1
8,2063,1
8,2064,1
8,2065,1
8,2066,1
8,2067,1
8,2068,1
8,2069,1
8,2070,1
8,2071,1
8,2072,1
8,2073,1
8,2074,1
8,2075,1
8,2076,1
8,2077,1
8,2078,1
8,2079,1
8,2080,1
8,2081,1
8,2082,1
8,2083,1
8,2084,1
8,2085,1
8,2086,1
8,2087,1
8,2088,1
8,2089,1
8,2090,1
8,2091,1
8,2092,1
8,2093,1
8,2094,1
8,2095,1
8,2096,1
8,2097,1
8,2098,1
8,2099,1
8,2100,1
8,2101,1
8,2102,1
8,2103,1
8,2104,1
8,2105,1
8,2106,1
8,2107,1
8,2108,1
8,2109,1
8,2110,1
8,2111,1
8,2112,1
8,2113,1
8,2114,1
8,2115,1
8,2116,1
8,2117,1
8,2118,1
8,2119,1
8,2120,1
8,2121,1
8,2122,1
8,2123,1
8,2124,1
8,2125,1
8,2126,1
8,2127,1
8,2128,1
8,2129,1
8,2130,1
8,2131,1
8,2132,1
8,2133,1
8,2134,1
8,2135,1
8,2136,1
8,2137,1
8,2138,1
8,2139,1
8,2140,1
8,2141,1
8,2142,1
8,2143,1
8,2144,1
8,2145,1
8,2146,1
8,2147,1
8,2148,1
8,2149,1
8,2150,1
8,2151,1
8,2152,1
8,2153,1
8,2154,1
8,2155,1
8,2156,1
8,2157,1
8,2158,1
8,2159,1
8,2160,1
8,2161,1
8,2162,1
8,2163,1
8,2164,1
8,2165,1
8,2166,1
8,2167,1
8,2168,1
8,2169,1
8,2170,1
8,2171,1
8,2172,1
8,2173,1
8,2174,1
8,2175,1
8,2176,1
8,2177,1
8,2178,1
8,2179,1
8,2180,1
8,2181,1
8,2182,1
8,2183,1
8,2184,1
8,2185,1
8,2186,1
8,2187,1
8,2188,1
8,2189,1
8,2190,1
8,2191,1
8,2192,1
8,2193,1
8,2194,1
8,2195,1
8,2196,1
8,2197,1
8,2198,1
8,2199,1
8,2200,1
8,2201,1
8,2202,1
8,2203,1
8,2204,1
8,2205,1
8,2206,1
8,2207,1
8,2208,1
8,2209,1
8,2210,1
8,2211,1
8,2212,1
8,2213,1
8,2214,1
8,2215,1
8,2216,1
8,2217,1
8,2218,1
8,2219,1
8,2220,1
8,2221,1
8,2222,1
8,2223,1
8,2224,1
8,2225,1
8,2226,1
8,2227,1
8,2228,1
8,2229,1
8,2230,1
8,2231,1
8,2232,1
8,2233,1
8,2234,1
8,2235,1
8,2236,1
8,2237,1
8,2238,1
8,2239,1
8,2240,1
8,2241,1
8,2242,1
8,2243,1
8,2244,1
8,2245,1
8,2246,1
8,2247,1
8,2248,1
8,2249,1
8,2250,1
8,2251,1
8,2252,1
8,2253,1
8,2254,1
8,2255,1
8,2256,1
8,2257,1
8,2258,1
8,2259,1
8,2260,1
8,2261,1
8,2262,1
8,2263,1
8,2264,1
8,2265,1
8,2266,1
8,2267,1
8,2268,1
8,2269,1
8,2270,1
8,2271,1
8,2272,1
8,2273,1
8,2274,1
8,2275,1
8,2276,1
8,2277,1
8,2278,1
8,2279,1
8,2280,1
8,2281,1
8,2282,1
8,2283,1
8,2284,1
8,2285,1
8,2286,1
8,2287,1
8,2288,1
8,2289,1
8,2290,1
8,2291,1
8,2292,1
8,2293,1
8,2294,1
8,2295,1
8,2296,1
8,2297,1
8,2298,1
8,2299,1
8,2300,1
8,2301,1
8,2302,1
8,2303,1
8,2304,1
8,2305,1
8,2306,1
8,2307,1
8,2308,1
8,2309,1
8,2310,1
8,2311,1
8,2312,1
8,2313,1
8,2314,1
8,2315,1
8,2316,1
8,2317,1
8,2318,1
8,2319,1
8,2320,1
8,2321,1
8,2322,1
8,2323,1
8,2324,1
8,2325,1
8,2326,1
8,2327,1
8,2328,1
8,2329,1
8,2330,1
8,2331,1
8,2332,1
8,2333,1
8,2334,1
8,2335,1
8,2336,1
8,2337,1
8,2338,1
8,2339,1
8,2340,1
8,2341,1
8,2342,1
8,2343,1
8,2344,1
8,2345,1
8,2346,1
8,2347,1
8,2348,1
8,2349,1
8,2350,1
8,2351,1
8,2352,1
8,2353,1
8,2354,1
8,2355,1
8,2356,1
8,2357,1
8,2358,1
8,2359,1
8,2360,1
8,2361,1
8,2362,1
8,2363,1
8,2364,1
8,2365,1
8,2366,1
8,2367,1
8,2368,1
8,2369,1
8,2370,1
8,2371,1
8,2372,1
8,2373,1
8,2374,1
8,2375,1
8,2376,1
8,2377,1
8,2378,1
8,2379,1
8,2380,1
8,2381,1
8,2382,1
8,2383,1
8,2384,1
8,2385,1
8,2386,1
8,2387,1
8,2388,1
8,2389,1
8,2390,1
8,2391,1
8,2392,1
8,2393,1
8,2394,1
8,2395,1
8,2396,1
8,2397,1
8,2398,1
8,2399,1
8,2400,1
8,2401,1
8,2402,1
8,2403,1
8,2404,1
8,2405,1
8,2406,1
8,2407,1
8,2408,1
8,2409,1
8,2410,1
8,2411,1
8,2412,1
8,2413,1
8,2414,1
8,2415,1
8,2416,1
8,2417,1
8,2418,1
8,2419,1
8,2420,1
8,2421,1
8,2422,1
8,2423,1
8,2424,1
8,2425,1
8,2426,1
8,2427,1
8,2428,1
8,2429,1
8,2430,1
8,2431,1
8,2432,1
8,2433,1
8,2434,1
8,2435,1
8,2436,1
8,2437,1
8,2438,1
8,2439,1
8,2440,1
8,2441,1
8,2442,1
8,2443,1
8,2444,1
8,2445,1
8,2446,1
9,2000,1
9,2001,1
9,2002,1
9,2003,1
9,2004,1
9,2005,1
9,2006,1
9,2007,1
9,2008,1
9,2009,1
9,2010,1
9,2011,1
9,2012,1
9,2013,1
9,2014,1
9,2015,1
9,2016,1
9,2017,1
9,2018,1
9,2019,1
9,2020,1
9,2021,1
9,2022,1
9,2023,1
9,2024,1
9,2025,1
9,2026,1
9,2027,1
9,2028,1
9,2029,1
9,2030,1
9,2031,1
9,2032,1
9,2033,1
9,2034,1
9,2035,1
9,2036,1
9,2037,1
9,2038,1
9,2039,1
9,2040,1
9,2041,1
9,2042,1
9,2043,1
9,2044,1
9,2045,1
9,2046,1
9,2047,1
9,2048,1
9,2049,1
9,2050,1
9,2051,1
9,2052,1
9,2053,1
9,2054,1
9,2055,1
9,2056,1
9,2057,1
9,2058,1
9,2059,1
9,2060,1
9,2061,1
9,2062,1
9,2063,1
9,2064,1
9,2065,1
9,2066,1
9,2067,1
9,2068,1
9,2069,1
9,2070,1
9,2071,1
9,2072,1
9,2073,1
9,2074,1
9,2075,1
9,2076,1
9,2077,1
9,2078,1
9,2079,1
9,2080,1
9,2081,1
9,2082,1
9,2083,1
9,2084,1
9,2085,1
9,2086,1
9,2087,1
9,2088,1
9,2089,1
9,2090,1
9,2091,1
9,2092,1
9,2093,1
9,2094,1
9,2095,1
9,2096,1
9,2097,1
9,2098,1
9,2099,1
9,2100,1
9,2101,1
9,2102,1
9,2103,1
9,2104,1
9,2105,1
9,2106,1
9,2107,1
9,2108,1
9,2109,1
9,2110,1
9,2111,1
9,2112,1
9,2113,1
9,2114,1
9,2115,1
9,2116,1
9,2117,1
9,2118,1
9,2119,1
9,2120,1
9,2121,1
9,2122,1
9,2123,1
9,2124,1
9,2125,1
9,2126,1
9,2127,1
9,2128,1
9,2129,1
9,2130,1
9,2131,1
9,2132,1
9,2133,1
9,2134,1
9,2135,1
9,2136,1
9,2137,1
9,2138,1
9,2139,1
9,2140,1
9,2141,1
9,2142,1
9,2143,1
9,2144,1
9,2145,1
9,2146,1
9,2147,1
9,2148,1
9,2149,1
9,2150,1
9,2151,1
9,2152,1
9,2153,1
9,2154,1
9,2155,1
9,2156,1
9,2157,1
9,2158,1
9,2159,1
9,2160,1
9,2161,1
9,2162,1
9,2163,1
9,2164,1
9,2165,1
9,2166,1
9,2167,1
9,2168,1
9,2169,1
9,2170,1
9,2171,1
9,2172,1
9,2173,1
9,2174,1
9,2175,1
9,2176,1
9,2177,1
9,2178,1
9,2179,1
9,2180,1
9,2181,1
9,2182,1
9,2183,1
9,2184,1
9,2185,1
9,2186,1
9,2187,1
9,2188,1
9,2189,1
9,2190,1
9,2191,1
9,2192,1
9,2193,1
9,2194,1
9,2195,1
9,2196,1
9,2197,1
9,2198,1
9,2199,1
9,2200,1
9,2201,1
9,2202,1
9,2203,1
9,2204,1
9,2205,1
9,2206,1
9,2207,1
9,2208,1
9,2209,1
9,2210,1
9,2211,1
9,2212,1
9,2213,1
9,2214,1
9,2215,1
9,2216,1
9,2217,1
9,2218,1
9,2219,1
9,2220,1
9,2221,1
9,2222,1
9,2223,1
9,2224,1
9,2225,1
9,2226,1
9,2227,1
9,2228,1
9,2229,1
9,2230,1
9,2231,1
9,2232,1
9,2233,1
9,2234,1
9,2235,1
9,2236,1
9,2237,1
9,2238,1
9,2239,1
9,2240,1
9,2241,1
9,2242,1
9,2243,1
9,2244,1
9,2245,1
9,2246,1
9,2247,1
9,2248,1
9,2249,1
9,2250,1
9,2251,1
9,2252,1
9,2253,1
9,2254,1
9,2255,1
9,2256,1
9,2257,1
9,2258,1
9,2259,1
9,2260,1
9,2261,1
9,2262,1
9,2263,1
9,2264,1
9,2265,1
9,2266,1
9,2267,1
9,2268,1
9,2269,1
9,2270,1
9,2271,1
9,2272,1
9,2273,1
9,2274,1
9,2275,1
9,2276,1
9,2277,1
9,2278,1
9,2279,1
9,2280,1
9,2281,1
9,2282,1
9,2283,1
9,2284,1
9,2285,1
9,2286,1
9,2287,1
9,2288,1
9,2289,1
9,2290,1
9,2291,1
9,2292,1
9,2293,1
9,2294,1
9,2295,1
9,2296,1
9,2297,1
9,2298,1
9,2299,1
9,2300,1
9,2301,1
9,2302,1
9,2303,1
9,2304,1
9,2305,1
9,2306,1
9,2307,1
9,2308,1
9,2309,1
9,2310,1
9,2311,1
9,2312,1
9,2313,1
9,2314,1
9,2315,1
9,2316,1
9,2317,1
9,2318,1
9,2319,1
9,2320,1
9,2321,1
9,2322,1
9,2323,1
9,2324,1
9,2325,1
9,2326,1
9,2327,1
9,2328,1
9,2329,1
9,2330,1
9,2331,1
9,2332,1
9,2333,1
9,2334,1
9,2335,1
9,2336,1
9,2337,1
9,2338,1
9,2339,1
9,2340,1
9,2341,1
9,2342,1
9,2343,1
9,2344,1
9,2345,1
9,2346,1
9,2347,1
9,2348,1
9,2349,1
9,2350,1
9,2351,1
9,2352,1
9,2353,1
9,2354,1
9,2355,1
9,2356,1
9,2357,1
9,2358,1
9,2359,1
9,2360,1
9,2361,1
9,2362,1
9,2363,1
9,2364,1
9,2365,1
9,2366,1
9,2367,1
9,2368,1
9,2369,1
9,2370,1
9,2371,1
9,2372,1
9,2373,1
9,2374,1
9,2375,1
9,2376,1
9,2377,1
9,2378,1
9,2379,1
9,2380,1
9,2381,1
9,2382,1
9,2383,1
9,2384,1
9,2385,1
9,2386,1
9,2387,1
9,2388,1
9,2389,1
9,2390,1
9,2391,1
9,2392,1
9,2393,1
9,2394,1
9,2395,1
9,2396,1
9,2397,1
9,2398,1
9,2399,1
9,2400,1
9,2401,1
9,2402,1
9,2403,1
9,2404,1
9,2405,1
9,2406,1
9,2407,1
9,2408,1
9,2409,1
9,2410,1
9,2411,1
9,2412,1
9,2413,1
9,2414,1
9,2415,1
9,2416,1
9,2417,1
9,2418,1
9,2419,1
9,2420,1
9,2421,1
9,2422,1
9,2423,1
9,2424,1
9,2425,1
9,2426,1
9,2427,1
9,2428,1
9,2429,1
9,2430,1
9,2431,1
9,2432,1
9,2433,1
9,2434,1
9,2435,1
9,2436,1
9,2437,1
9,2438,1
9,2439,1
9,2440,1
9,2441,1
9,2442,1
9,2443,1
9,2444,1
9,2445,1
9,2446,1
9,2447,1
9,2448,1
9,2449,1
9,2450,1
9,2451,1
9,2452,1
9,2453,1
9,2454,1
9,2455,1
9,2456,1
9,2457,1
9,2458,1
9,2459,1
9,2460,1
9,2461,1
9,2462,1
9,2463,1
9,2464,1
9,2465,1
9,2466,1
9,2467,1
9,2468,1
9,2469,1
9,2470,1
9,2471,1
9,2472,1
9,2473,1
9,2474,1
9,2475,1
9,2476,1
9,2477,1
9,2478,1
9,2479,1
9,2480,1
9,2481,1
9,2482,1
9,2483,1
9,2484,1
9,2485,1
9,2486,1
9,2487,1
9,2488,1
9,2489,1
9,2490,1
9,2491,1
9,2492,1
9,2493,1
9,2494,1
9,2495,1
9,2496,1
9,2497,1
9,2498,1
9,2499,1
9,2500,1
9,2501,1
9,2502,1
9,2503,1
9,2504,1
9,2505,1
9,2506,1
9,2507,1
9,2508,1
9,2509,1
9,2510,1
9,2511,1
9,2512,1
9,2513,1
9,2514,1
9,2515,1
9,2516,1
9,2517,1
9,2518,1
9,2519,1
9,2520,1
9,2521,1
9,2522,1
9,2523,1
9,2524,1
9,2525,1
9,2526,1
9,2527,1
9,2528,1
9,2529,1
9,2530,1
9,2531,1
9,2532,1
9,2533,1
9,2534,1
9,2535,1
9,2536,1
9,2537,1
9,2538,1
9,2539,1
9,2540,1
9,2541,1
9,2542,1
9,2543,1
9,2544,1
9,2545,1
9,2546,1
9,2547,1
9,2548,1
9,2549,1
9,2550,1
9,2551,1
9,2552,1
9,2553,1
9,2554,1
9,2555,1
9,2556,1
9,2557,1
9,2558,1
9,2559,1
9,2560,1
9,2561,1
9,2562,1
9,2563,1
9,2564,1
9,2565,1
9,2566,1
9,2567,1
9,2568,1
9,2569,1
9,2570,1
9,2571,1
9,2572,1
9,2573,1
9,2574,1
9,2575,1
9,2576,1
9,2577,1
9,2578,1
9,2579,1
9,2580,1
9,2581,1
9,2582,1
9,2583,1
9,2584,1
9,2585,1
9,2586,1
9,2587,1
9,2588,1
9,2589,1
9,2590,1
9,2591,1
9,2592,1
9,2593,1
9,2594,1
9,2595,1
9,2596,1
9,2597,1
9,2598,1
9,2599,1
9,2600,1
9,2601,1
9,2602,1
9,2603,1
9,2604,1
9,2605,1
9,2606,1
9,2607,1
9,2608,1
9,2609,1
9,2610,1
9,2611,1
9,2612,1
9,2613,1
9,2614,1
9,2615,1
9,2616,1
9,2617,1
9,2618,1
9,2619,1
9,2620,1
9,2621,1
9,2622,1
9,2623,1
9,2624,1
9,2625,1
9,2626,1
9,2627,1
9,2628,1
9,2629,1
9,2630,1
9,2631,1
9,2632,1
9,2633,1
9,2634,1
9,2635,1
9,2636,1
9,2637,1
9,2638,1
9,2639,1
9,2640,1
9,2641,1
9,2642,1
9,2643,1
9,2644,1
9,2645,1
9,2646,1
9,2647,1
9,2648,1
9,2649,1
9,2650,1
9,2651,1
9,2652,1
9,2653,1
9,2654,1
9,2655,1
9,2656,1
9,2657,1
9,2658,1
9,2659,1
9,2660,1
9,2661,1
9,2662,1
9,2663,1
9,2664,1
9,2665,1
9,2666,1
9,2667,1
9,2668,1
9,2669,1
9,2670,1
9,2671,1
9,2672,1
9,2673,1
9,2674,1
9,2675,1
9,2676,1
9,2677,1
9,2678,1
9,2679,1
9,2680,1
9,2681,1
9,2682,1